{"cameraMode":{"drawMode":0,"name":"Shaded","section":"Shading Mode"},"sceneLighting":false,"audioPlay":false,"sceneViewState":{"showFog":true,"showMaterialUpdate":false,"showSkybox":true,"showFlares":true,"showImageEffects":true,"showParticleSystems":true},"in2DMode":false,"pivot":{"x":1.4504470825195313,"y":-0.8251166343688965,"z":-2.224202871322632},"rotation":{"x":-0.04404214397072792,"y":-0.952799379825592,"z":0.168954536318779,"w":-0.24837076663970948},"size":5.630052089691162,"orthographic":false}