{"cameraMode":{"drawMode":0,"name":"Shaded","section":"Shading Mode"},"sceneLighting":true,"audioPlay":false,"sceneViewState":{"showFog":true,"showMaterialUpdate":false,"showSkybox":true,"showFlares":true,"showImageEffects":true,"showParticleSystems":true},"in2DMode":false,"pivot":{"x":24.0324649810791,"y":-9.347179412841797,"z":0.5173591375350952},"rotation":{"x":0.23573020100593568,"y":0.6462284922599793,"z":-0.22026686370372773,"w":0.6915941834449768},"size":29.67624282836914,"orthographic":false}