{"cameraMode":{"drawMode":0,"name":"Shaded","section":"Shading Mode"},"sceneLighting":false,"audioPlay":false,"sceneViewState":{"showFog":true,"showMaterialUpdate":false,"showSkybox":true,"showFlares":true,"showImageEffects":true,"showParticleSystems":true},"in2DMode":false,"pivot":{"x":7.091588973999023,"y":5.89160680770874,"z":-1.3857430219650269},"rotation":{"x":0.06569817662239075,"y":0.934013843536377,"z":-0.23600707948207856,"w":0.2600051164627075},"size":5.247375965118408,"orthographic":false}