{"cameraMode":{"drawMode":0,"name":"Shaded","section":"Shading Mode"},"sceneLighting":false,"audioPlay":false,"sceneViewState":{"showFog":true,"showMaterialUpdate":false,"showSkybox":true,"showFlares":true,"showImageEffects":true,"showParticleSystems":true},"in2DMode":false,"pivot":{"x":-14.426095962524414,"y":-4.475469589233398,"z":3.3285646438598635},"rotation":{"x":-0.11061359941959381,"y":0.8162263035774231,"z":-0.1665704846382141,"w":-0.5420272946357727},"size":15.566696166992188,"orthographic":false}