{"cameraMode":{"drawMode":0,"name":"Shaded","section":"Shading Mode"},"sceneLighting":false,"audioPlay":false,"sceneViewState":{"showFog":true,"showMaterialUpdate":false,"showSkybox":true,"showFlares":true,"showImageEffects":true,"showParticleSystems":true},"in2DMode":false,"pivot":{"x":0.7600000500679016,"y":-0.1452343910932541,"z":0.0},"rotation":{"x":-0.020862801000475885,"y":0.947928786277771,"z":-0.06351026892662049,"w":-0.31138765811920168},"size":2.5533835887908937,"orthographic":false}