{"cameraMode":{"drawMode":0,"name":"Shaded","section":"Shading Mode"},"sceneLighting":false,"audioPlay":false,"sceneViewState":{"showFog":true,"showMaterialUpdate":false,"showSkybox":true,"showFlares":true,"showImageEffects":true,"showParticleSystems":true},"in2DMode":false,"pivot":{"x":6.964000225067139,"y":5.739999771118164,"z":-1.9000000953674317},"rotation":{"x":-0.020862801000475885,"y":0.947928786277771,"z":-0.06351026892662049,"w":-0.31138765811920168},"size":3.7770230770111086,"orthographic":false}