{"cameraMode":{"drawMode":0,"name":"Shaded","section":"Shading Mode"},"sceneLighting":true,"audioPlay":false,"sceneViewState":{"showFog":true,"showMaterialUpdate":false,"showSkybox":true,"showFlares":true,"showImageEffects":true,"showParticleSystems":true},"in2DMode":false,"pivot":{"x":-6.005667686462402,"y":-0.40488409996032717,"z":-4.902249336242676},"rotation":{"x":-0.020862801000475885,"y":0.947928786277771,"z":-0.06351026892662049,"w":-0.31138765811920168},"size":18.34503746032715,"orthographic":false}