{"cameraMode":{"drawMode":0,"name":"Shaded","section":"Shading Mode"},"sceneLighting":true,"audioPlay":false,"sceneViewState":{"showFog":true,"showMaterialUpdate":false,"showSkybox":true,"showFlares":true,"showImageEffects":true,"showParticleSystems":true},"in2DMode":false,"pivot":{"x":-0.00037613511085510254,"y":0.0010281801223754883,"z":-0.014555782079696656},"rotation":{"x":-0.18150223791599275,"y":-0.15359900891780854,"z":0.02871420793235302,"w":-0.9708963632583618},"size":3.4150502681732179,"orthographic":false}