{"cameraMode":{"drawMode":0,"name":"Shaded","section":"Shading Mode"},"sceneLighting":true,"audioPlay":false,"sceneViewState":{"showFog":true,"showMaterialUpdate":false,"showSkybox":true,"showFlares":true,"showImageEffects":true,"showParticleSystems":true},"in2DMode":false,"pivot":{"x":0.7541425228118897,"y":0.16631829738616944,"z":0.07663822174072266},"rotation":{"x":-0.18150223791599275,"y":-0.15359900891780854,"z":0.02871420793235302,"w":-0.9708963632583618},"size":2.3793816566467287,"orthographic":false}